[
  {
    "idPRoduto": "066762b8-258d-ed11-a81c-000d3a20ded3",
    "nomeProduto": "BQROSAS",
    "marcaProduto": null,
    "precoProduto": 0
  },
  {
    "idPRoduto": "42443eeb-258d-ed11-a81c-0022487f2fbc",
    "nomeProduto": "BQTULIPAS",
    "marcaProduto": null,
    "precoProduto": 0
  },
  {
    "idPRoduto": "20904b69-e46c-437a-958e-d36593463263",
    "nomeProduto": "ARECA",
    "marcaProduto": null,
    "precoProduto": 0
  },
  {
    "idPRoduto": "aa22e71c-54a3-46cb-a492-d4053308aef2",
    "nomeProduto": "PORTES",
    "marcaProduto": null,
    "precoProduto": null
  },
  {
    "idPRoduto": "a920da0c-c7e7-475a-b6b6-fe34dc8d2b2b",
    "nomeProduto": "AZALEA",
    "marcaProduto": null,
    "precoProduto": 0
  },
  {
    "idPRoduto": "cb7e6d6b-bb1a-4707-95ea-1d6d47735ab6",
    "nomeProduto": "SAPATOS",
    "marcaProduto": "NIKE",
    "precoProduto": 0
  }
]